age,blood_pressure,heart_rate,oxygen_level,temperature,glucose_level,risk
25,120,72,98,36.6,95,0
32,118,75,99,36.5,102,0
45,135,82,96,37.0,125,1
51,145,90,94,37.5,145,1
29,110,68,99,36.4,88,0
63,160,105,91,38.2,180,1
38,125,78,97,36.8,110,0
70,170,110,89,38.5,210,1
42,130,80,96,37.1,130,1
27,115,70,98,36.5,92,0
56,150,95,93,37.8,165,1
34,122,74,98,36.7,100,0
48,140,88,95,37.3,140,1
31,119,72,99,36.5,96,0
67,165,108,90,38.1,195,1
40,128,79,97,36.9,115,0
53,148,92,94,37.6,155,1
24,112,69,99,36.3,90,0
59,155,100,92,38.0,175,1
36,124,76,98,36.6,105,0
